vehicle_no,device_id
K0051,867032053815309
K0052,866041043599668
K0053,867032053705039
K0054,862607052177390
K0055,867032053731514
K0056,862607052134664
K0057,862607059196633
K0058,864650056260737
K0059,867383057220651
K0060,862607059160761
K0061,864650059578689
K0062,862607059213776
K0063,862607059193994
K0064,867032053795006
K0065,862547050804589
K0069,864513041510139
J0250,867032053744392
J0251,865860041718280
J0252,862607059212299
J0253,862607059116243
J0254,867032053928490
J0255,862607059212083
J0256,862607055711385
J0257,862607055671449
J0258,864650059617099
J0259,860965069048885
J0261,862607059075217
J0262,862607059373141
J0263,862607055616501
J0264,864513042783131
J0265,862607052179172
J0266,864650059678703
J0267,864513041436509
J0268,864650056178285
J0269,862607055720410
J0271,862607059189836
J0272,862607052167490
J0273,864513042754090
J0275,864650059677515
J0279,864977043750987
J0280,864513041473544
J0283,866041043486619
J0284,862607059147115
J0285,864650056195917
J0286,864650059539459
J0287,864388041719752
J0288,864513046420003
J0289,867032053765520
J0290,868142049638613
J0293,862607055577711
J0294,862607059211861
J0295,867383057130496
J0296,862607059102763
J0299,866041041917953
J0993,861107032651185
J1027,865501043926212
J1029,861107032559222
J1325,868704041303494
J1326,868922051330567
J1362,860548046766462
J1363,866758047904426
J1364,865860041784258
J1365,863617069493507
J1366,868922051330401
J1367,867732033538240
J1368,864337056376883
J1369,860588042340524
J1370,862547054019788
J1371,862607059339449
J1372,862607059073592
J1373,868704041218627
J1374,868794061118047
J1375,860548045690028
J1376,862607059112333
J1377,868922051329395
J1378,861107032595473
J1379,863617069492251
J1380,868704041304138
J1381,867184039930361
J1383,867184039753979
J1384,864650059582913
J1385,862607059031053
J1386,868704043202744
J1387,864513040424779
J1388,861107032493786
J1389,863418052933306
J1390,861107032771314
J1391,863418051835056
J1392,868922053070914
J1393,864513042799244
J1394,861107037936904
J1395,868704041257377
J1396,864388041828140
J1397,864513042781796
J1398,864650056121996
J1399,860588042342033
J1400,866758048848770
J1401,868704041201466
J1402,860548042868676
J1403,862607052337564
J1404,867624060165486
J1405,861107037555043
J1406,868704046771505
J1407,864337056380786
J1459,866758042043204
J1479,867032053891292
J1480,868704043196706
J1481,866758048008243
J1482,862107049552078
J1483,860965067631054
J1484,861107033061590
J1485,864650059580271
J1486,867032053891078
J1487,867032059237946
J1488,864977043682347
J1489,864977043763832
J1490,865501043943704
J1491,868704041302660
J1492,862607059130921
J1493,866758048846386
J1494,867732035509603
J1495,860548040704618
J1496,868704041297910
J1497,866758049552185
J1498,868704043187192
J1499,866041041963932
J1500,862607059210855
J1501,865501043920785
J1502,864513042781242
J1503,867032053900796
J1504,864650056239830
J1505,861107037861037
J1506,861107033954232
J1507,864650056167635
J1508,867032053796038
J1509,865501043914465
J1510,866758046167496
J1511,862607059149087
J1512,862607059211739
J1513,864650059639002
J1514,868704041055524
J1515,861107037940278
J1516,866758049553049
J1517,862547050662276
J1518,866758047874546
J1519,866758046193468
J1520,867383057156962
J1521,862607059140227
J1522,864650059624780
J1523,866041041978815
J1524,862107048100069
J1525,867732035493824
J1526,867184039938331
J1527,863958044815913
J1528,866758049190453
J1529,867383050875881
J1530,860548045627210
J1531,864337056457519
J1532,864337056476311
J1533,867698047410488
J1534,861107033145963
J1535,864977043645724
J1536,864650059573623
J1537,860965067662802
J1538,864337056543995
J1539,865501043928762
J1540,864337056363980
J1541,866041042143617
J1542,868142049699045
J1543,860548040349018
J1544,867184039951771
J1545,865860041738221
J1546,868704043919925
J1547,869756045660526
K0070,867383059187221
K0071,864650059557964
K0072,865501043878702
K0073,867032059237839
K0074,862614060270092
K0075,863958044709058
K0076,864337059102682
K0077,867383057158505
K0078,862607059218122
K0079,863958044781040
I3360,864650059636057
I3361,862607059048024
I3362,864650059508942
I3363,864977043662315
I3364,867032059132675
I3365,862607055581143
I3366,867032053804360
I3367,864650056178582
I3368,867032053728353
I3369,862607052180600
J0835,864337050647727
J0844,862607055664204
J0853,867383059153652
I1688,867383057120695
I1690,
I1691,869244044502650
I1693,
I1694,869244042763908
I1697,869244044489114
I1698,869244042801955
I1699,868728039247868
I1938,867032053713702
I1939,868728039343642
I1941,867032053767302
I1942,867032059059019
I1944,860965064643607
I1945,869244044528598
I1949,868794061123237
I1950,867032053728910
I1951,862607059131895
I1953,869244044494577
I1957,867032059151055
I1958,864513041477206
I1960,862607055692122
I1961,867032059172820
I1963,868728039342586
I1965,358250330780163
I1966,869244044489429
I1967,869244042809636
I2021,867032059119276
I2022,864513041434538
I2025,864650059614948
I2027,864650056178269
I2028,
I2033,867032053802976
I2034,868728039291734
I2035,864977047876010
I2039,864977043737687
J0300,864650059578200
I0710,
I0712,869244044536831
I0716,868728039265647
I0717,
I0718,
I0720,869244042766570
I0722,869244044497208
I0723,869244044703431
I0726,
I0730,869244044503237
I0732,869244042656797
I0735,869244042769301
I0740,868728039313124
I0744,869244042766646
I0747,868728039321127
I0001,
J1382,860548046762917
J1408,860548044385315
J1548,867732035533272
J1549,861107034048919
J1550,864337056514749
J1551,867032053659079
J1552,867732035548502
J1553,862607059037324
J1554,865501043852632
J1555,868704046750574
J1556,865860042145491
J1557,864513046452170
J1558,868704041022078
J1559,862348058255332
J1560,868704041288117
J1561,862607059112754
J1562,862107049430614
J1563,868704043204997
J1564,867732033130774
J1565,866758046112773
J1566,865501042110172
J1567,860965065313085
J1568,863617069448808
J1569,869244044491334
J1570,860588042340110
J1571,866758049534809
J1572,864650059649449
J1573,868728039295461
J1574,868704041051937
J1575,865501043848978
J1576,862614060293862
J1577,862607059045624
J1578,860965067631468
J1579,864650056201160
J1580,867605050970662
J1581,866758047891599
J1582,866041043625208
J1583,861107034011545
J1584,865501043947838
J1585,869756046071392
J1586,862607052179289
K0066,862607055600190
K0067,863958044883473
K0068,867032053791666
K0083,862607059213255
K0084,868274062648755
K0085,862607055691173
K0086,866041040938117
K0087,864513045696926
K0088,862607059154970
K0089,867032053800491
K0090,867032053800095
K0091,862607059212174
K0092,869244042650477
K0093,868142049672349
K0094,864977047864271
K0095,862607059175546
K0096,863617069469481
K0097,864650059638459
K0098,864650056132944
I3370,865860042145582
I3371,864650056118745
I3372,864650054155426
I3373,862607059106426
I3374,867032053929290
I3375,867032053744095
I3376,862607059245729
I3377,867032053735846
I3378,862607059152172
I3379,867383057157036
I3380,866041043557054
I3381,864513041467652
I3382,867032053794470
I3383,864650056179002
I3384,864650059603198
I3385,862607052177267
I3386,864650059626033
I3387,867032053795956
I3388,862547050737136
I3389,862607052182903
I3390,863958044806151
I3391,864650059629813
I3392,862607059144427
I3393,864650056121855
I3394,868922051410823
I3395,864650059638301
I3396,864977043714298
I3397,862607059195460
I3398,864650059590866
I3400,862607055621212
J0001,867032059224704
J0002,867032053799818
J0003,862607059149228
J0004,864650056261057
J0005,862607059097070
J0006,863418058086901
J0721,864650059676624
J0722,864650059535184
J0723,864650056135210
J0724,862607059197003
J0725,864513041477792
J0726,867032053717521
J0727,867032053742552
J0728,866758041755071
J0729,864650059453180
J0730,860965065202726
J0731,864650056179101
J0732,867032053734351
J0734,867032053768110
J0735,864650056122234
J0736,865396053288292
J0737,862607059302223
J0738,864977047820745
J0739,867032053747239
J0740,868922053118903
J0741,868922051412498
J0742,865860049047716
J0743,864513041500049
J0744,869756048076316
J0745,867032053753377
J0746,862607059180223
J0747,863958040847548
J0748,864650059632163
J0749,862607055710585
J0750,867032053741869
J0752,864650059678182
J0753,862607059126549
J0754,866758041758968
J0755,867698045759282
J0756,868704046737449
J0758,867732035488899
J0830,864513041490951
J0831,864650059510251
J0832,862607059149772
J0833,862607059209568
J0834,867032053740648
J0836,867032053928938
J0837,864513041458024
J0838,862607059111939
J0839,864388041759667
J0840,864650056179184
J0841,864650056132365
J0842,862607059139195
J0843,864650059647567
J0845,867032053779992
J0846,862607059148717
J0848,862607059138130
J0849,864513042719846
J0850,867383057204077
J0851,862607055649809
J0852,867032053743857
J0854,862607055711799
J0855,862607052167649
J0856,864650059638756
J0857,862607059251040
J0859,867032059024146
J0860,862547050783767
J0861,867032053928607
J0862,864513041488153
J0863,864650059565280
J0864,867032053885179
J0865,862607059103555
J0866,863958044803117
J0867,867032053738162
J0868,867032053923053
J0869,868142049621460
J0870,862607059175470
J0871,862607059021948
J0872,862607059362060
J0873,866041042238565
J0874,867032059030366
J0875,864513044559307
J0876,868142049787386
J0877,866041042150091
J0878,864650059571171
J0879,862607059212497
J0880,867032053736620
J0881,867383059037152
J0882,864650059677226
J0883,862607059141050
J0884,867032058975108
J0885,867032053721333
J0886,867605051035978
J0887,864650059524055
J0888,865501043911453
J0889,862607055578057
J0890,862607059212968
J0891,862607059161777
J0892,865501043851089
J0893,862607059162957
J0894,868794061128111
J0895,867032059181284
J0896,862607055717507
J0897,863418051819167
J0898,862607059210319
J0899,862607055579485
J0900,862607052168621
J0901,867032059226931
J0902,862607052135372
J0905,862607059215821
J0906,865860041737124
J0907,864513045647093
J0908,865501042142019
J0909,864650056132548
I1970,867032053747866
I1971,862607059381941
I1972,869244044490674
I1979,869244044535163
J0301,867032053765926
J0303,864513042707171
J0304,867032053786278
J0305,864650056168492
J0306,862607055662265
J0307,864513046512015
J0308,862607059139377
J0309,864650059661170
J0310,867383057145700
J0311,862607059115781
J0312,864650059573102
J0313,862810042282250
J0314,864513041526705
J0315,862607059126010
J0316,867383059052979
J0317,862607059127489
J0319,867383059127722
J0320,867032059237359
J0321,865501043909531
J0322,864650059599040
J0323,864650059581196
J0324,867394047668743
J0325,867032053929514
J0326,864650059629185
J0327,862607059150960
J0328,867383057145221
J0329,868142049725105
J0330,862607055627185
J0332,862607055653470
J0334,864650059638707
J0335,864650056352948
J0336,865860041705113
J0337,865860041682064
J0338,358250330776989
J0339,867605051005393
J0340,865501043890434
J0341,864513042696838
J0342,867032053721093
J0343,864337058592024
J0344,863418053169074
J0346,864513041506582
J0347,860548042817988
J0348,867032053729971
J0349,867032053933631
J0351,866041042227592
J0352,861107032700214
J0353,867698047290237
J0354,860548045571939
J0355,864337058948978
J0356,867032053748476
J0357,867698045712570
J0358,868922051465512
J0359,867032053682246
J0360,864650059566585
J0364,863617069492020
J0365,865501043894931
J0366,866758041728854
I0745,
I0748,
I0757,868728039262503
I0759,869244044492894
I0766,867032059259296
I0767,869244044493991
I0771,
I0772,868728039296394
I0773,868728039344756
I0775,869244044692717
I0776,869244044505349
I0779,869244044640369
I0782,869244044489882
I0795,868728039280398
I0504,869244044664427
I0508,
I0510,868728039263980
J1607,860548046773377
J1608,865501043918029
J1609,865860041738627
J1610,866758046208647
J1611,860588042341472
J1612,865501043901819
J1613,862607059099571
J1614,863958044774904
J1615,866758047815499
J1616,866758045750573
J1617,862607059020759
J1618,867732035503465
J1619,862607052177457
J1620,868704041304898
J1621,864650059624608
J1622,864337058988271
J1623,863617069505755
J1624,865501043892463
J1625,861107037872505
J1626,866758049597392
J1627,867732033553868
J1628,862107043422781
J1629,865501043952911
J1630,865860042119280
J1631,869756048096405
J1632,867383057230429
J1633,864337056541957
J1634,864513042745296
J1635,863958044806862
J1636,866041041963189
K0101,867032053735986
K0102,862607059142843
K0103,867032053775115
K0104,869244044515710
K0105,862607059173764
K0106,864650056132803
K0107,867032053773805
K0108,862547050762928
K0109,864513046412596
K0110,862607059025519
K0111,867032059155056
K0112,862607059063593
K0113,862607059210442
K0114,864650059662962
K0115,864977047918663
K0116,864650059580610
K0117,867032053736356
K0118,861107034079286
K0119,862607059086107
K0120,862607055711096
K0121,867032053735234
K0122,868142049741672
K0123,862607059148428
K0124,862607059083344
K0125,864977047864669
K0126,867032053748930
K0127,867032053733858
K0128,864650059555240
K0129,867605051095519
K0130,864337053508306
K0131,
K0132,
K0133,
K0134,
K0135,
K0136,
K0137,
K0138,
K0139,
K0140,
K0141,
K0142,
K0143,
K0144,
K0145,
K0146,
K0147,
K0148,
K0149,
K0150,
K0151,
K0152,
K0153,
K0154,
K0155,
K0156,
K0157,
K0159,
K0160,
K0161,
K0162,
K0163,
K0164,
K0165,
K0167,
K0173,
I3399,867032053749508
J0007,863412043738981
J0008,864513046406317
J0009,862607059091750
J0010,866758048862136
J0011,864650056179226
J0012,867032053725235
J0013,867032053799990
J0014,867032053726894
J0015,866758048540641
J0016,864650056135285
J0017,864650059624384
J0018,867160040681029
J0019,867383057123582
J0020,862607059148162
J0757,862607059133834
J0759,867032053727637
J0903,868728039270753
J0904,862607059091487
I1980,864513041451326
I1983,869244044512634
I1984,869244042774483
I1987,862607059129238
I1990,868728039318271
I1995,869244044497901
I1996,869244044527210
I1998,867032059262480
I2000,866041042097284
I2042,868142049719827
I2043,864650059638186
I2044,867032053741331
I2045,862607055575483
I2046,867383057134191
I2047,862607055588775
I2048,866041042033321
I2049,867032053760729
I2050,869244042788673
I2053,865860042026261
I2055,867032059058326
I2056,862607055671464
I2057,864650056132191
I2061,862607055589443
I2062,866041042198918
I2063,869244044527699
I2066,864650056135202
I2070,864650056179127
I2071,862607059250695
I2072,864650056167544
I2073,862607055631971
J0361,862607052167565
J0362,867032058976874
J0363,867032053794744
J0367,867698045766030
J0368,866758049223700
J0369,869244044517534
J0370,866758048742825
J0371,865546047383514
J0372,866758049539733
J0373,866758041722600
J0374,866758041740438
J0375,866758046079527
J0376,866758048801852
J0377,866758041728987
J0378,861107034061821
J0379,867698047395994
J0380,866758041733243
J0381,860588043430878
J0382,866758049211416
J0383,866758041740661
J0384,866758044911697
J0385,866758048698993
J0386,862607055626161
J0387,862607059209956
J0388,864977047912062
J0389,862607059358050
J0390,864513042781747
J0391,864513042724481
J0392,864977047873595
J0393,864977047921006
J0394,867032053684150
J0395,864650056167106
J0396,864650059417672
J0397,867032053928177
J0398,864650056281758
J0399,864513041483766
J0400,862607059086974
J0401,864650056131284
J0402,862607059134881
J0403,862607059027952
J0404,863958042606041
J0405,866041041908135
J0406,864337056370472
J0407,868922053074742
J0408,861107030480827
J0409,864650056280347
J0410,865860042083296
J0411,861107032601404
J0412,862547053936495
J0413,861107037542850
J0414,864977047875103
J0415,864977047910645
J0416,864337056479257
J0417,860548040370899
J0418,864337059104431
J0419,861107032730419
J0420,867383057141881
J0421,864337058958746
J0422,862607059149749
J0423,867032053735242
J0424,867032053796491
J0425,862607059153436
J0426,864650059572534
J0427,864513041499689
J0428,862348050264308
J0429,864650059564614
J0430,867383059179756
J0431,862607059045004
J0432,862607052134185
J0433,867032053737578
J0434,862607059216076
J0435,862607055648959
J0436,867032053737768
J0437,862607059173608
J0438,862607059194984
J0439,867032053803024
J0440,867032053797994
J0441,864513041467561
J0442,860965065196969
J0443,862607059111780
J0444,867032053796566
J0445,867032053884099
I0792,869244044511214
I0796,869244044531253
I0903,869244044491748
I0909,868728039246589
I0952,868728039268336
I0515,869244042709166
I0536,869244044493819
I0538,869244042799563
I0547,
I0602,868728039276594
I0706,869244042793236
I0709,864513041513471
I0714,
I0721,869244042713655
K0099,862607059106251
K0100,864513042761723
K0166,
K0168,
K0169,
K0170,
K0171,
K0172,
K0175,
K0176,
K0177,
K0178,
K0179,
K0180,
K0181,
K0182,
K0184,
K0185,
K0187,
K0189,
K0190,
K0191,
K0193,
K0194,
J0021,867698045744011
J0022,862607059217934
J0023,862607059195189
J0024,862607059210491
J0025,867383057126007
J0026,862607059039759
J0027,865501043952705
J0028,864650059638673
J0029,866041040943547
J0030,862607055697659
J0031,867160040669826
J0032,866041043553095
J0033,862607055593148
J0034,862607059306133
J0035,867383057198683
J1637,868922053154106
J1638,860965065280631
J1639,864977043775141
J1640,866758049564871
J1641,862607059133735
J1642,864977047866292
J1643,868704049062530
J1644,864337050581207
J1645,867032059173083
J1646,862607059306497
J1647,867383059052995
J1648,863418055861884
J1649,867032053796178
J1650,862607055584204
J1651,867032053797424
J1652,862607059197409
J1653,862607055711013
J1654,864650059668878
J1655,864977043756497
J1656,862607055580897
J1657,864650056135244
J1658,867383059193138
J1659,862607059098342
J1660,867732032999096
J1661,865501043970582
J1662,866758046119075
J1663,862810042412246
J1664,862607052354403
J1665,863715059163302
J1666,863617069505631
J1667,860548042854023
J1668,865860042002999
J1669,866758049583269
J1670,861107033810459
J1671,866041042256377
S0010,864513041509073
J0910,864337056351381
I2901,867383057157226
J0446,864650059566270
J0447,867032053800202
J0448,860548042896750
J0449,866758044730345
J0450,860548046767585
J0451,861107034079856
J0452,866758041758828
J0453,866758049560754
J0454,869756046109119
J0455,865501043851063
J0456,864337056352488
J0457,868142049821375
J0458,862607055607872
J0459,864513046546344
J0460,862607052133583
J0461,864650056131318
J0462,867032053764945
J0463,864513042819893
J0464,860548044463229
J0465,864650059566262
J0466,864650059645330
J0467,864650059643947
J0468,867032053731621
J0469,864977043720741
J0470,868142049581029
J0471,864513041526762
J0472,864650059641495
J0473,862607059073816
J0474,866041042186905
J0475,867032053801234
J0476,866758041732575
J0477,867032053927708
J0478,867605050990959
J0479,864650059616992
J0480,864650059408820
J0481,862607055580780
J0482,863418052878048
J0483,864513041440147
J0484,863958044718083
J0485,862607059150416
J0486,862607059104009
J0487,867032059138391
J0488,862607052177788
J0489,867032053728338
J0490,867032053789686
J0491,863958044888985
J0492,864650056167205
J0493,864513046429145
J0494,864513041487312
J0495,865501043943738
J0496,862607059161140
J0497,867032053933524
J0498,864650059637469
J0499,867032053728866
K0081,864650059608890
K0158,
K0183,
K0186,
K0188,
K0192,
K0195,
K0196,
K0197,
K0198,
K0199,
K0200,
K0201,
K0202,
K0203,
K0204,
K0205,862607059021807
K0206,867032059109970
K0207,862607059170901
K0208,864650056191213
K0209,862607055679343
K0210,862607055629082
K0211,862607059026400
K0212,864513041512473
K0213,863418058263518
K0214,864977043716095
K0215,862607053476585
K0216,864977047925718
K0217,863958044858756
K0218,862607055661879
K0219,862607055620651
K0220,865860041743635
K0221,862607059042258
K0222,867383057223952
K0223,863418053190930
K0224,867383057209837
K0225,866041042186517
K0226,862607059046911
K0227,862547050841664
K0228,862547054015422
K0229,867032059174099
K0230,867032058994737
K0231,864650056201640
K0232,862607055629041
K0233,864650051625629
K0234,864650059679263
K0235,867383057126932
K0236,862810042214675
K0249,864650059632387
K0250,867383057135024
K0251,864513046494107
K0252,862547050662367
K0253,867032053726522
K0254,862607059175413
K0255,863958040712205
K0256,863958044836612
K0257,867032059259809
K0258,860965069048208
K0259,862607059114883
K0260,866041042033214
K0261,866041042065224
K0262,861942055186770
K0264,867032053725185
K0265,863958044843394
K0266,864513041464907
K0267,867032053929613
K0343,868794061295720
K0344,864513042720661
K0443,862607059035492
K0444,862607055629116
K0445,867032053894858
K0446,862607055569494
K0447,867383057219216
K0448,862607059182302
K0449,862607055627888
K0450,862614060341000
K0451,863418053139515
K0452,867160040738480
K0453,862547050708400
K0454,867032059016142
K0455,864337056356216
K0456,865501043835694
K0457,862607055580830
K0458,867032059200357
K0459,864977047877968
K0460,867032053658394
K0461,864337056537872
K0462,864513043676969
K0463,866758048681320
K0464,864513045569768
K0465,864977047886787
I0905,869244042677454
I0910,
I0913,358250330777565
I0915,
I0920,
I0921,869244044499402
I0926,
I0927,869244044489148
I0934,869244042793012
I0935,869244042802847
I0936,869244042798730
I0937,869244044496333
I0938,868728039319923
I0943,
I0951,869244044666554
I0957,
I0968,869244044509044
I0970,868728039341752
I0975,868728039303778
I0985,
I0989,
I0992,869244042795579
I0994,869244042795587
I0996,869244044499725
I0997,869244042813687
I0998,868728039250078
I1001,868728039338501
I1002,868728039330508
I1006,868728039254062
I1007,868728039292567
I1011,868728039254807
I1014,869244042719470
I1020,868728039308785
I1022,869244042774251
I1025,
I1028,862607059149723
I1029,864977043714348
I1033,868728039301343
I1035,869244044530891
I1040,869244044663734
I1042,869244042675748
I1043,869244042782692
I1044,
I1045,868728039286577
I1047,
I1049,
I1050,869244044489460
I1053,
I1055,869244044500126
I1056,
I1060,869244044495434
I1062,869244044710253
I1064,869244042712376
I1065,
I1066,869244042660385
I1067,869244044500902
I1069,869244044528580
I1073,868728039293052
I1078,868728039338782
I1079,
I1081,869244044493314
I1086,869244044493215
I1089,868274062634201
I1091,864650059552825
I1096,864650059675790
I1097,
I1103,868728039341950
I1104,868728039300196
I1109,869244044523599
I1111,869244044648461
I1112,869244044496606
I1113,869244044489700
I1114,869244042804850
I1117,869244044495574
I1118,869244044494320
I1120,868728039289159
I1125,869244042820898
I1126,869244042670921
I1128,869244044697740
I1130,869244042721997
I1139,868728039286718
I1140,869244042638290
I1141,
I1143,
I1145,867032053727645
I1147,869244044530248
I1149,869244042773345
I1151,
I1152,867032059226881
I1161,864650056178418
I1173,869244044528747
I1186,869244044530958
I1187,
I1277,868728039291502
I1279,864650059594066
I1280,868728039295503
I1281,
I1285,
I1292,869244042801765
I1293,
I1294,
I1299,862607059093681
I1302,869244042802268
I1310,869244044489569
I1311,869244042811780
I1312,869244044489585
I1314,869244044524506
I1316,868728039302887
I1319,869244044519878
I1320,
I1321,868728039308553
K0080,868922051421929
K0082,864650056191015
K0174,
K0237,862607059211754
K0238,864513046412794
K0239,862607059134121
K0240,864513041456614
K0241,865501043849463
K0242,860965069070236
K0243,864513041440139
K0244,860965069057902
K0245,862607059303205
K0246,864650059650132
K0247,862547050859716
K0248,868794061285457
K0263,868922051473854
K0268,864650056263087
K0269,867032053800053
K0270,864650056225680
K0271,864650056132761
K0272,864388041700554
K0273,867383059115164
K0274,868922051391304
K0275,860965069049701
K0276,864650059635315
K0277,863412043750978
K0278,864650059641834
K0279,867032053922691
K0280,864650059632650
K0281,864650059574431
K0282,867032053753997
K0283,864513045605471
K0284,867032053735630
K0285,862607055691223
K0286,862607059148543
K0287,864513046411697
K0288,862607055622491
K0289,867032059169305
K0290,863412043686180
K0291,867032059230370
K0292,867032053730334
K0293,864337050425132
K0294,862607059105675
K0295,867032053759101
K0296,864513045606552
K0297,864388040111399
K0298,867383057220404
K0299,866041042139342
K0300,864650056205377
K0301,868794063088420
K0302,867032059121850
K0303,867032053792912
K0304,867032059031687
K0305,866041043552014
K0306,864650059385978
K0307,862607059139765
K0308,868142049630362
K0309,867383057224901
K0310,864337056195770
K0311,862607069115781
K0312,862607059092212
K0313,865546042811345
K0314,864977047873694
K0315,864388040059465
K0316,864513042696473
K0317,862607059210640
K0318,864977047874437
K0319,867032053721887
K0320,864513041439982
K0324,866041042259710
K0327,862607059150606
K0345,868704045609466
K0346,867383057144281
K0347,862607055576390
K0348,864650059652690
K0349,866041042225117
K0350,865860042125568
K0351,862607059213032
K0352,864650059660206
K0353,867032053892407
K0354,864513042720653
K0355,869756046285430
K0356,862547050690707
K0357,864650059660115
K0358,862607059074194
K0359,866758042315065
K0360,862607055594864
K0361,864977043706179
K0362,867032053884636
K0363,864977043721764
K0364,862547050842415
K0365,867032059114897
K0366,862607059136100
K0367,862607059089309
K0368,867160040599023
K0369,867032059231899
K0370,862607059112739
K0371,866041042020831
K0372,863412047322667
K0373,868142049744700
K0374,862607055623663
K0375,862607055628407
K0376,864650059659646
K0377,867032053786161
K0378,862607055617525
K0379,862607059112994
K0380,864513042812609
K0381,867605051000329
K0382,862607055616642
K0383,865860042076761
K0384,867032059260054
K0385,862607059135425
K0386,862607055589260
K0387,867032050922496
K0388,862607055588734
K0389,868274062666831
K0390,862607059182724
K0391,865860041733875
K0392,865860041743395
K0393,862607055591209
K0394,862607055623325
K0395,867032053892332
K0396,862607059031111
K0397,864513042757523
K0398,867032059237045
K0399,862607059171966
K0400,864513042681111
K0401,862607059113646
K0402,862607055693138
K0403,862607059103902
K0404,862607059095710
K0405,862607059020445
K0406,862607055705940
K0407,862607055622517
K0408,863958044818651
K0409,864337056218473
K0410,862607055631880
K0411,862547054017147
K0412,862547050739918
K0413,862607055661150
K0414,864513046547599
K0415,862607059096759
K0416,864337056224422
K0417,864513041440469
K0418,863412043706814
K0419,867032059237821
K0420,866041042259850
K0421,862607055628449
K0422,862607055669955
K0423,862607055670102
K0424,867032059230362
K0425,868922051376990
K0426,867032059225560
K0427,866041042131737
K0428,867383057225254
K0429,868794061326228
K0430,867032059237102
K0431,868794061301189
K0432,866041045652507
K0433,864650059654761
K0434,864650059573300
K0435,864977043718562
K0436,869756048146697
K0437,867032059024989
K0438,862607059088269
K0439,862607059092063
K0440,862607059115567
K0441,867394042498518
K0442,868922056446020
K0466,862547054016560
K0467,867032053885211
K0468,864337059073933
K0469,862607059020692
K0470,864337058949398
K0471,867605050923083
K0472,862607059137082
K0473,862547050653291
K0474,865860041670952
K0475,860965065204375
K0476,862607055745979
K0477,867032053659202
K0478,864337056477384
K0479,864337056403299
K0480,862607059033075
K0481,862547054045536
K0482,864337056369789
K0483,864337056545966
K0484,862607055629009
K0485,863617069472584
K0486,
K0487,864337056542369
K0488,862547057620517
K0489,860965065309273
K0490,864650059620275
K0491,865860041685984
K0492,860965067650104
K0493,863958044804891
K0494,863412043706624
K0495,865860041777146
K0496,862614060262743
K0497,864337056230361
K0498,860965067620487
K0499,862607055622889
K0500,863617065534635
K0501,864337053475886
K0502,864337056479174
K0503,867383059013344
K0504,867032053740663
K0505,864337059049065
K0506,867160040625240
K0507,863958044706518
K0508,866041043607495
K0509,864650059565439
K0510,867605051022570
K0511,867032059139332
K0512,862607059173517
K0513,867032059236799
K0514,867032059105390
K0515,862607059092170
K0630,867032059153663
K0631,867160040600466
K0632,
K0633,867383057208656
K0634,862607055693807
K0635,866041042259967
K0636,862607059092907
K0637,863958044784275
K0638,868274062606621
K0639,868794061295928
K0640,862607059115971
K0641,862607055576788
K0642,862607059035427
K0643,862607059104231
K0644,867605051104113
K0645,867160041244983
K0646,867383057217053
K0647,863958044845605
K0648,864513041442846
K0649,864513041524619
K0650,863958044810104
K0651,867032059237664
K0652,862607055662190
K0653,868142049780209
K0654,863958044853450
K0655,866041044677737
K0656,867032053891508
K0657,862607059068857
K0658,862607059023530
K0659,862607059092618
K0660,867032059236732
K0661,864513041435931
K0662,862607059025501
K0663,863412043749418
K0664,862607059090877
K0665,862607055628936
K0666,862607059046432
K0667,862547050820098
K0668,868794068176386
K0669,862607059106541
K0670,867032059237888
K0671,867394042512458
K0672,864650059675048
K0673,865860041782831
K0674,867032059173265
K0675,862607055619554
J0036,862607052177564
J0037,864513041446516
J0038,862607052135455
J0039,864650059564309
J0040,864650059624665
J0041,867032053800442
J0042,865860041741472
J0043,864337053508298
J0044,867032059236591
J0045,867032053771858
J0046,862607059213693
J0047,868794061157045
J0048,861107037498210
J0049,867605050970621
J0050,862607055644263
J0051,868728039260069
J0052,867032053747452
J0053,864977043725823
J0054,862607059146059
J0055,868142049642961
J0056,868142049673057
J0057,862607059210962
J0058,867032053796970
J1672,864337053410040
J1673,866041042196359
J1674,862547050666657
J1680,863958044075492
J1681,865860041738346
J1682,864513040425552
J1683,862547050655197
J1684,868704046717334
J1685,864337056353346
J1686,860588042335284
J1687,866758047945684
J1688,867394042501907
J1689,864513044567243
S0009,867032053718917
J0911,867032053890500
J0912,868704040959593
J0913,865501043849752
J0914,860548046732050
J0915,864650056251033
J0916,866758049557529
J0917,866758047804774
J0918,862547050688479
J0919,867732033010943
J0920,865860042141029
J0921,866758048725622
J0922,865860041786782
J0923,868704045235650
J0924,868794061117957
J0925,864513046502826
J0926,866758049212588
J0927,867383050843533
J0928,864650056397240
J0929,860965067648223
J0930,867184039904465
J0931,861107033126823
J0932,864337058927279
J0933,861107032555253
J0934,865501043835652
J0935,867383057159065
J0936,866758045782501
J0937,864513046423304
J0938,862607059197094
J0939,864650059496411
J0940,864513041451482
J0941,865501043954164
J0942,868922051314157
J0943,863958044788367
J0944,862607059106467
J0945,862607059214055
J0946,868794061110705
J0947,862607059105014
J0948,866041043638946
J0949,862607059111111
J0950,865860041704280
J0951,860548045717607
J0952,862607059024793
J0953,863418052846045
J0954,862607059190024
J0955,861942055271481
J0956,862607052340212
J0957,867383059009938
J0958,866758049546183
J0959,866041042030905
J0960,862607059174978
J0961,867605051092409
J0962,867732035525492
J0994,868704043945615
J0995,860548045651038
J0996,865501043851535
J0997,864650059577830
I2902,862607059025725
I2903,864650059580263
I2904,862607059112325
I2905,862607059360791
I2906,864650059538378
I2907,864650056132092
I2908,864650059626116
I2909,864650059615390
I2910,865860042103532
I2911,867032053785270
I2912,866758041732716
I2915,864977043679608
I2917,867032053932799
I2919,864650056294298
I2921,864650059566361
J0500,862607059189273
J0501,868704041315043
J0502,867032053733494
J0503,862607059166610
J0504,864650059569365
J0505,864977043778459
J0506,867032053922972
J0507,862607055717135
J0508,868704041305747
J0509,865501043927475
J0510,866758048732792
J0511,867732033518481
J0512,867032053797275
J0513,862607055576671
J0514,869756046267511
J0515,867732033002429
J0516,864650056142166
J0517,862607059196955
J0518,862607052179875
J0519,860548044379557
J0520,860548040370188
J0521,862607059116318
J0522,864650059637576
J0523,862607059111913
J0524,867032053894890
J0525,864513044572375
J0526,862607052167706
J0527,867032059014220
J0528,863412043716565
J0529,868142049706402
J0530,862607055645302
J0531,868704041305606
J0532,862607059111590
J0533,862607052134334
J0534,864513042696994
J0535,862107042793844
J0536,866758044214076
J0537,869756048103425
J0538,864650056122051
J0539,867032053719295
J0540,867032053892100
J0541,864337056191381
J0542,867032053728155
J0543,862607059040187
J0544,864337059103102
J0545,865860041789356
J0546,864977043704539
J0547,861107030480678
J0548,865501043952614
J0549,864650059674561
J0550,864650059678034
J0551,866758048726943
J0552,862607055596588
J0553,864513042781861
J0554,867032059236963
J0555,864650059676129
J0556,864650059540358
J0557,867032059119540
J0558,862607059173699
J0559,862607052169058
J0560,864650059637634
J0600,867032053722414
J0601,863958044844806
J0602,862607059253293
J0603,867032053780248
J0604,862607059195486
J0605,864977043725559
J0606,862607052169678
J0607,864337050405977
J0608,867032053781626
J0609,867032053785643
J0610,862607059218155
J0611,867032059258967
J0612,864650059565454
J0613,864513044567326
J0614,867032053814773
J0615,864513044572441
J0616,862607059212901
J0617,864650056253757
J0618,867383059043838
J0619,867032053931387
J0620,864513041441756
J0621,866041042127578
J0622,867383057111090
J0623,862607059082908
J0624,868142049682330
J0625,864513041440071
J0626,864513042768181
J0628,860965065202981
J0629,862607052117156
J0630,868922051459580
J0631,862607059197425
J0632,862607059150820
J0633,864650059579216
J0634,867032053931288
J0635,867032053795592
J0636,867383057236871
J0637,867032053929621
J0638,862607059250554
J0639,867032059152822
J0640,867160040670972
J0641,867032053909417
J0642,864650059614435
J0643,864513041485423
J0644,867032058973533
J0645,862607059163179
J0646,862607059103365
J0647,869244044510570
J0648,864650059539194
J0649,865501042160714
J0650,862607055627896
J0651,862607059174085
J0652,867383057130397
J0653,864337058927915
J0654,867383057139042
J0655,867383057209191
J0656,862607055692825
J0657,867032058975223
J0658,865860041759029
J0659,869756048088899
J0660,867032053770330
J0661,868794061154265
J0662,864650059629250
J0663,862607055638224
J0664,864650059613627
J0665,862607059092576
J0666,862607059331941
J0668,867032053743097
J0669,862607059210343
J0670,862607059150937
J0671,862607055686058
J0672,867160040615621
J0673,867032053748922
J0674,864513042745783
J0675,868922051473342
J0676,864650056288936
J0677,864977043694045
J0678,864650059613940
J0679,863958044824766
J0680,867032053721879
J0681,862607059172360
J0682,864650056190900
J0683,864513041431641
J0684,864513046412703
J0685,867032053775032
J0686,864650059598778
J0687,864977047877943
J0688,862607059412204
J0689,864513041471027
J0690,867032053779083
J0691,864513046547243
J0692,862607059135490
J0693,867032053738170
J0694,867383057131577
J0697,862607059027119
J0699,862607059090729
J0702,865860041741548
J0705,866758045802838
J0706,862607059071125
S0007,862607059149962
K0321,860965065313374
K0322,862607059175363
K0323,864337059051897
K0325,863412043686024
K0326,862607055711302
K0328,863958044840358
K0329,867032053729948
K0330,862810042424308
K0332,862607059023225
K0333,864650059578754
K0334,862607059111855
K0335,863958044841083
K0336,864513041440030
K0337,862607052182663
K0338,862607059364314
K0339,864513041470482
K0340,862607055652506
K0341,863958042730312
K0516,868794061295688
K0517,862607059087600
K0518,864337059103862
K0519,864513042787991
K0520,867032059181052
K0521,867032059185368
K0522,
K0523,866758046120552
K0524,864650056297325
K0525,864650059642360
K0526,868142049832646
K0527,862607059091727
K0528,862547050913752
K0529,863958044718349
K0530,862607055681794
K0531,862607059115674
K0532,864977043681463
K0533,868922051503486
K0534,867383059072423
K0535,861942053281623
K0536,862607059103704
K0537,862607059149525
K0538,865860041758310
K0539,863958044709702
K0540,862607059058924
K0541,867383057224836
K0542,867032053786484
K0543,867032059207568
K0544,864650059633435
K0545,864650059664687
K0546,864977047745835
K0547,862607059105634
K0548,861107032555253
K0549,
K0550,868794061288444
K0551,862607059196666
K0552,862607059170893
K0553,867032053779232
K0554,862607055571565
K0676,864977043655590
K0677,862607055580715
K0678,862607055620313
K0679,862607059095942
K0680,864977043713290
K0681,862607059078369
K0682,864513045686455
K0683,862815033330265
K0684,869756048131707
K0685,862607059091669
K0686,862607059095678
K0687,864513041497550
K0688,862607055623655
K0689,863617069500798
K0690,864977047912468
K0691,862607059063403
K0692,862607059084821
K0693,862607059176049
K0694,864513041477438
K0695,867032059160098
K0696,863958040822558
K0697,864977047747773
K0698,862607059112614
K0699,867394047683288
K0700,862547050712659
K0701,862607055695927
K0702,862607059093582
K0703,863958044754328
K0704,867032053893660
K0705,864650056168583
K0706,866041042201167
K0707,863958044856909
K0708,867160041205638
K0709,864337056514624
K0710,863418052926318
K0711,867605050972007
K0712,862607055696735
K0713,867394042495522
K0714,867956048087206
K0715,862607059083153
K0716,862607055597214
K0717,867032059227905
K0718,862607059072347
K0719,865501042142068
K0720,863958040819034
K0721,864650059618154
K0722,864337053488319
K0723,863958044810161
K0724,867032053781881
K0725,862547050842761
I1134,868728039285595
I1154,864650059661659
I1155,860965067631260
I1156,862607052116901
I1158,869244042741847
I1164,864650059543121
I1176,868728039304917
I1177,
I1178,869244042766596
I1181,869244042795975
I1190,868728039308645
I1191,869244042796122
I1192,869244042798193
I1322,862607059031400
I1323,864513041453173
I1324,869244044492100
I1325,869244044518839
I1326,864977043692668
I1328,867383057139158
I1352,868794061127527
I1354,869244044681314
I1357,869244042794069
I1360,869244042677629
I1361,869244042741540
I1362,869244044490419
I1368,866041042198926
I1373,869244042794705
I1379,869244042629364
I1381,868728039309551
I1383,867032053795899
I1392,868728039272957
I1393,867383057219398
I1395,
I1400,867032053901182
I1406,869244044728479
I1413,869244044530339
I1416,867032059206396
I1420,868728039340226
I1430,869244044710170
I1431,869244042799969
I1432,869244042797526
I1433,
I1435,869244042670608
I1442,869244044527319
I1445,862607059109545
I1446,
I1448,869244044492381
I1449,869244044506768
K0331,867032053720293
K0342,
K0555,864513042706876
K0556,862607055586977
K0557,867383057235097
K0558,867383057208409
K0559,864337056194740
K0560,862607059026806
K0561,868922051449839
K0562,867032053781170
K0563,867383057224612
K0564,860965065202544
K0565,864337053399276
K0566,862607055622962
K0567,868922053124265
K0568,867605051033148
K0569,863958044748080
K0570,864977047764141
K0571,867032053792854
K0572,864977043687239
K0573,862547050789707
K0574,863958040823648
K0575,862607055588882
K0576,867032053782632
K0577,862607059148907
K0578,862547050742102
K0579,862607055616253
K0580,865396053305278
K0581,860965069050105
K0582,862607059091891
K0583,863418052823143
K0584,867383057207682
K0585,867032059173034
K0586,862607059036326
K0587,864977043694870
K0588,862607059042159
K0589,863617069470216
K0590,860965069099763
K0591,864650059564887
K0592,860965067588692
K0593,862607055599194
K0594,865860041655037
K0595,862607055583974
K0596,862607055653132
K0597,867032059174156
K0598,862607059094739
K0599,865860041770067
K0600,862607055576259
K0601,868922051352868
K0602,862607059166503
K0603,864513042702792
K0604,863412043670929
K0605,867032059272976
K0606,860965065266655
K0607,863412044172750
K0608,867032053893678
K0609,863958040829082
K0610,869756048088816
K0611,862607059351493
K0612,867032053895533
K0613,864337056375307
K0614,868142049740062
K0615,863418053218236
K0616,869756048138173
K0617,869756046228968
K0618,863418052917549
K0619,864650059660727
K0620,865860041733784
K0621,864513042814167
K0622,862614060335838
K0623,867394042462894
K0624,865860041689622
K0625,864337058928632
K0626,864337056218358
K0627,864337056479505
K0628,862607055584345
K0629,864650054179475
K0726,
K0727,863418053213641
K0728,862607059136001
K0729,866041043620746
K0730,867394047702526
K0731,864650059520152
K0732,867032059237557
K0733,862607059089200
K0734,862607059180777
K0735,864650059627627
K0736,867032053784521
K0737,862547054090300
K0738,867605050930716
K0739,862607055666175
K0740,865860041725228
K0741,866041042272895
K0742,862607059117969
K0743,864337053466661
K0744,864513042810546
J0059,862607059211812
J0060,862607059211838
J0061,862607059153923
J0062,868794061306717
J0063,862607052134698
J0064,862607059219799
J0065,863418053251575
J0066,862607052179149
J0067,865860041738783
J0068,862607055690738
J0069,862607059073709
J0070,867032053929548
J0071,862607055623788
J0072,864513041455723
J0073,863958044759160
J0074,862607052135505
J0075,862607055619703
J0076,867032053791286
J0077,864650056132233
J0078,864650059578234
J0079,862607059081314
J0080,864650059431293
J0081,868922051389530
J0082,862607059149038
J0083,865860042118050
J0084,862607055713605
J0085,862607059175009
J0086,862607058104108
J0087,864337050754069
J0088,864650059614328
J0089,866041042133642
J0090,863412043717225
J0091,867032053721796
J1675,865860042085150
J1676,867732035541119
J1677,863501043892315
J1678,860548044462528
J1679,866758046083990
J1690,868704041052034
J1691,867032053890401
J1692,864337056544159
J1693,862607059174143
J1694,861107035918094
J1695,865396053466401
J1696,862607059083120
J1697,860548045626337
J1698,860965065187687
J1699,860548044448121
J1700,868142049675557
J1701,868794061156419
J1702,863617069465083
J1703,866041043604492
J1704,866758047913005
J1705,866758047905720
J1706,867732033001314
J1707,865860041738601
J1708,867605050942737
J1709,866041043626628
I2922,862607059102813
I2923,867032053743022
I2924,868922051476261
I2925,866041042204773
I2926,865501043956722
I2927,864337056488753
I2928,865501042161480
I2930,864513041507010
I2931,864650056190611
I2932,862607052167623
I2935,862607055620339
I2936,864650056131466
I2937,864977043763022
I2939,864977043725120
I2942,864977047876416
I2943,864650059565082
I2944,864650056135160
I2945,862607059168715
I2946,864650056135293
I2947,867032059108857
I2948,864650059674280
I2949,862607059041060
I2950,862607059020809
I2952,867032059008776
I2953,864650059611464
I2954,864337053409141
I2955,866041042204211
I2958,864977043714496
I2959,867032053743923
I2960,864650059676640
I2962,868794061130067
J0695,867383057127146
J0696,867032053873811
J0698,868142049714190
J0700,868922051381909
J0701,864513042724465
J0703,864650059679347
J0707,862607059195411
J0708,862607059343417
J0709,862607059215383
S0008,868922051347470
K0745,867032053707233
K0746,864977043766959
K0747,868922051397608
K0748,862607059182187
K0749,864977043779804
K0750,864650056252759
K0751,
K0752,864650059638798
K0753,864513041471316
K0754,866041042150083
K0755,864337050510396
K0756,864650059583085
K0757,867032059151782
K0758,864513045652739
K0759,862607059215490
K0760,862607059258383
K0761,862607059080993
K0762,864650059579091
K0763,864513041468445
K0764,
K0765,862607059212273
K0766,862607052182960
K0767,867383059161218
K0768,869756046259500
K0769,864337056432223
K0770,865860041753006
K0771,864650059569001
K0772,862607055694227
K0773,867383059183089
K0774,865860042083130
K0775,863958040820222
K0776,
K0777,864650059451291
K0778,864650059584745
K0779,867032053799578
K0780,864977047893536
K0781,863418053213856
I1135,
I1336,
I1337,869244042809941
I1338,868728039300931
I1342,868728039312894
I1346,869244044490187
I1347,869244042783708
I1348,867032059228770
I1349,868728039280877
I1350,869244042797492
I1451,
I1452,869244044492373
I1453,869244042686497
I1454,869244044527202
I1455,869244044667792
I1456,868728039259327
I1458,868728039266942
I1460,
I1461,868728039245185
I1462,868728039288870
I1463,
I1464,867032053800467
I1465,862607059175504
I1466,864977043679954
I1469,864513042679461
I1470,869244042770986
J1710,860548045631667
J1711,865860041784563
J1712,865860041660169
J1713,862607059043330
J1714,868704041221720
J1715,864337056377089
J1716,863958044848674
J1717,864650056132985
J1718,862607059101971
J1719,862607059135094
J1720,862607059134410
J1721,867032053766064
J1722,862607059380963
J1723,867032053742115
J1724,864650059554425
J1725,864650056191841
J1726,864650059536760
J1730,864650059630738
J1731,862547053979032
J1732,862607055680200
J1733,867032053728452
J1734,868142049704050
J1735,863418058154394
J1736,864337056354047
J1737,867032053799388
J1738,864650059592656
J1739,862607059020767
J1740,864388041747191
J1741,862607055628423
J1742,864650059570223
J1743,864650056280982
J1744,867032053795238
J1745,864650059614831
J1746,867032058996096
J1747,868728039291353
J1748,867032053856998
J1749,864650056259150
J1750,862810042363928
J1751,864977043676901
J1752,864650059645322
J1753,862607055625452
J1754,864513041508927
J1755,865501043850974
J1756,864650059578473
J1757,867032053758988
J1758,862607055584410
J1759,862607059112275
J1760,869244042765069
J1761,864650059639010
J1762,864650059572245
J1763,867032053750555
J1764,862607055580954
J1816,867032053786237
J1817,865501043921635
J1818,860548042889268
J1819,862607059213784
J1820,862607055580962
J1821,864337058967382
J1822,864650059676822
J1823,862607059073279
J1824,864513044579529
J1825,865396053494700
J1826,865860042119264
J1827,863617069472998
J1828,865860041785859
J1829,867032053740226
J1830,867732035523091
J1831,865860041704710
J1832,867032053742214
J1833,864513044555164
J1834,861107033803694
J1835,868704041066406
J0092,862607055598519
J0093,863958040810397
J0094,862607059195247
J0095,868794061313838
J0096,862607059148147
J0097,864650056190447
J0098,864650056132324
J0099,862607055710577
J0100,862607059194000
J0101,868142049619779
J0102,867032053799511
J0103,867032053898636
J0104,862607052115580
J0105,864650059572492
J0106,867032053732181
J0107,862607055586035
J0108,864650056191072
J0109,864513041447837
J0110,862607055627631
J0111,862607059196716
J0112,868794061326038
J0113,862607059212737
J0114,862607059196609
J0115,867032053793076
J0116,864337056409189
J0117,868922056343664
J0118,867032053729880
J0119,863958044835317
J0120,867383059049918
J0121,862607059115054
J0122,862607055717754
J0123,862607059151943
J0124,867032053801754
J0125,860965069068354
J0126,867032059058573
J0127,862607059211663
J0128,866041042268315
J0129,864513041466886
J0130,864650059637865
J0131,868922051374755
J0132,867032059042247
J0133,867032058974143
J0134,861942055314067
J0135,867383057156673
J0136,862607059095405
J0137,862607055711088
J0138,867032058991436
J0139,864650059664232
J0140,867032053748021
J0141,865860041720708
J0142,868142049823256
J0143,864650059638038
J0145,862607059098698
J0146,868922053001836
J0147,867032058975959
J0148,862607059134386
J0149,862607059217330
J0150,867032053790205
J0151,862607059141779
J0152,867383059116238
J0153,864650056279083
J0154,864650059635406
J0155,869756048076076
J0156,867383057135313
J0157,864650059578424
J0158,867383059127763
J0159,864650056135145
J0162,864650059624996
J0163,862607059149541
J1727,867383057138614
J1728,864513041438224
J1729,864650059557824
J1765,865396053316903
J1766,862607059174838
J1767,862607059210475
J1768,862607055586019
J1769,862607052182788
J1770,867032053791443
J1771,865860042142662
J1772,868704041304781
J1773,865860041738759
J1774,860965067617848
J1775,864650059566684
J1776,864977047761584
J1777,862607059216779
J1778,862607059259167
J1779,860548042869724
J1780,868704045608542
J1781,864337056479885
J1782,867032053931668
J1783,868704041201367
J1784,867383059009821
J1787,866758045223183
J1788,864650056267757
J1789,863412044248535
J1792,862607059118488
J1793,864337056193403
J1794,868704041288620
J1795,866041041969012
J1797,868794061060439
J1798,862607055587603
J1804,866758049212711
J1810,864819052140231
J1811,862607055696818
J1812,866041041957975
J1814,867732033001280
J1815,863958042633029
J1836,862607052167599
J1837,868142049734800
J1838,862607059031095
J1843,861107032762651
J1844,864977043651243
J1845,862348054175864
J1846,866758049560556
J1847,864513044629233
J1848,864650059503604
J1851,865860041773293
J1852,865860042071978
J1861,866758047839986
J1876,865860042142951
J1877,868704043919743
J1880,860548046781834
J1881,865860041747107
J1882,860548044484688
J1884,860548046776701
S0005,864650056134981
S0006,867383050933771
I2956,862607059213206
I2961,862607059216233
I2963,864650059631629
I2964,862348051473080
I2965,867032059260187
I2966,867032059240601
I2968,868728039334161
I2970,862607059137058
I2972,862614065677598
I2973,862607055621162
I2975,862607059148485
I2976,868728039324188
I2977,867032059044730
I2978,866041042224698
I2979,867605050972692
I2980,862607059218999
I2989,864513041500478
I2992,864650059627973
I2993,864650059578747
I2994,862607059212828
I2995,862607059131556
I2996,866041042226263
I2997,864650056194951
I2998,866041042198991
I2999,862607059195361
I3000,869756045662654
J0561,865501043850230
J0562,864650059637642
J0563,867032053888470
J0564,864650056190694
J0565,867032053800558
J0566,867032053659368
J0567,862607059021096
J0568,862607052133732
J0569,866758041754579
J0570,864513042820990
J0571,861107034081316
J0572,864650059631058
J0573,862607059114826
J0574,864513041452761
J0575,867032053758483
J0576,864650059641750
J0577,867383057190946
J0578,864513041465938
J0579,867032053783341
J0580,864513041488393
J0581,867032053732140
J0582,864650056178541
J0583,862607059160514
J0584,867383057114144
J0585,862607059087675
J0586,862607055628340
J0587,866041042107521
J0588,869244044523631
J0589,864650059555653
J0590,866041042133162
J0591,862607059213727
J0592,868922051371298
J0593,868794061111018
J0594,862607055597701
J0595,862607059096106
J0596,862607055628647
J0597,864650056286666
J0598,860965068592362
J0599,862547050870820
J0710,867032053728015
J0711,867032053775156
J0712,867032053928920
J0713,867032053745704
J0761,868922051388920
J0762,864650056285478
J0763,864650059659265
J0765,867032053734369
J0766,867032053780891
J0767,867383057224471
J0768,864650059579729
J0769,862607052177333
J0770,867032053721200
J1785,868728039256075
J1786,866758049560184
J1790,867732035535319
J1791,865501043835801
J1796,867032053793373
J1799,862607059197359
J1800,866041041996361
J1801,864650059592417
J1802,860965067648306
J1803,862607052363321
J1805,867032059114376
J1806,864513042726213
J1807,865860041682056
J1808,864650059678786
J1809,867032053726761
J1813,862607059383686
J1839,866041043622361
J1840,864650059405677
J1841,860548045694509
J1842,862607059218023
J1849,864513041506640
J1850,864650059578135
J1853,860965065187729
J1854,860548045678247
J1855,864513041522969
J1856,864977043696222
J1857,860548044444401
J1858,860548044492947
J1859,868704041288190
J1860,867032053731126
J1862,861107032750664
J1863,860548045663868
J1864,866758049216092
J1865,867160044742991
J1866,868704046754063
J1867,867184039930122
J1868,866758049549740
J1869,868704045185970
J1870,864977043665839
J1871,864650054189953
J1872,866758049201367
J1873,865860042083114
J1874,865860042106030
J1875,861107033986481
J1878,863958044809064
J1879,867032053768680
J1883,865501043982694
J1885,862607055628670
J1886,863418052916954
J1887,867032059079371
J1888,868794061155965
J1889,866758049209634
J1890,867732033588609
J1891,868704046760250
J1892,863958044820145
J1893,865501043874669
J1894,860548045622369
J1895,861107033818866
J1896,864337056514723
J1897,860548040377787
J1898,866758048784108
J1899,868922051467997
J1900,864513045705750
J1901,865501043925537
J1902,864513042799178
J1903,867032059226204
J1904,864513041455715
J1905,867032053748849
J1906,864977043708431
J1907,864650059422318
J1908,864650056121905
J1909,865501043926097
J1910,866758048745893
J1911,868704041218452
J1912,864337056194831
J1913,864388041838313
J1914,864337056479968
J1915,867032053774670
J1916,867032053795014
J1917,864337056489488
J1918,864650059617057
J1919,862348054939574
J1920,863958044749104
J1921,865860042072356
J1922,863958044804578
J1923,862607059210368
J1924,862607055568769
J1925,864650056184770
J1926,867383057141543
J1927,862607059103340
J1928,868922051365696
J1929,864513042732476
J1930,865501043852566
J1931,866041042249646
J1932,860965067634819
J1933,863958044768930
J1934,866041043622726
J1935,864388040092417
J1936,865860041765679
J1937,860548042868890
J1938,861942050245662
J1939,862607059140359
J1940,862107049441066
J1941,864513041462190
J1942,867032053762337
J1943,866041043607636
J1944,862607052168571
J1945,867605051021093
J1946,864650059614377
J1947,862607059213099
J1948,867383059058349
J1949,867383057123012
J1950,862607059182633
J1951,864337059028317
J1952,866041042256955
J1953,867732033527912
J1954,863617069492160
J1955,867732033063637
J1956,864337056547392
J1957,866758047815598
J1958,860548040368349
J1959,863617069492004
J1960,862607059174697
J1961,867032053716267
J1962,864388041838206
J1963,866758046177602
J1964,866758049558832
J1965,869244044497281
J1966,864513041477768
J1967,867032053801812
J1968,868142049715890
J1969,862607052177374
J1970,866041043607255
J1971,864977043714660
J1972,868142049673529
J1973,867732033013772
J1974,865501043835744
J1975,864513045643670
J1976,860548045628655
J1977,860548042852878
J1978,862547050667242
J1979,867184039934264
J1980,862547050655098
J1981,861107035149740
J1982,860548046740889
J1983,864650056384321
J1984,862607055670144
J1985,862107049574296
J1986,866758049208248
J1987,864650054229239
J1988,861107032522865
J1989,860588042340227
J1990,865501043953836
J1991,860965067591852
J1992,865501043982116
J1993,866758049564343
J1994,860548044385943
J1995,862107049502834
J1996,862607059215607
J1997,862607059188036
J1998,868922056297647
J1999,865501043925487
J2000,869756046089725
J2001,862607059093566
J2002,862607059306208
J2003,864650059663283
J2004,869244044640856
J2005,863418053166641
J2006,867032053739475
J2007,867732033518747
J2008,861942053293388
J2009,866758046105827
J2010,862607059218486
J2011,865546044779615
J2012,867624060164513
J2013,867032059007042
J2014,864977047806611
J2015,862614060446718
J2016,860548046733009
J2017,868704043966652
J2018,867032053769738
J2019,862348058331075
J2020,868704041302793
J2021,865860041787269
J2022,862607055720014
J2023,862607059257369
J2024,860965065318407
J2025,868704041304690
J2026,864337056537898
J2027,865501043955526
J2028,867032053779695
J2029,867032053928987
J2030,866758048674895
J2031,866758047903063
J2032,860965065279559
J2033,862607059195015
J2034,862607059218270
J2035,862607059210376
J2036,867383057209027
J2037,862107048099279
J2038,865501043850651
J2039,867383059103343
J2040,866758048845180
J2041,862607055589559
J2042,866758049201516
J2043,865860042023490
J2044,869244044701997
J2045,862547050662268
J2046,862607055620461
J2047,862607059131788
J2048,867184039896703
J2049,862607059113596
J2050,866758047951633
J2051,864650059677614
J2052,862607059023415
J2053,865501043905315
J2054,864513046456882
J2055,864337056368922
J2056,861107037512531
J2057,867032059177951
J2058,867184039920115
J2059,867394047701270
J2060,868704041225192
J2061,861107035367938
J2062,862607059251396
J2063,860548042839669
J2064,866041042153079
J2065,861107037875920
J2066,864337053508074
J2067,860965069049743
J2068,862614060277337
J2069,865860041764888
J2070,862607059183755
J2071,864337056520373
J2072,865501043920751
J2073,860588042339054
J2074,866041043588190
J2075,864337056163810
J2076,864337058974511
J2077,868704043922754
J2078,865501043842674
J2079,864337058455669
J2080,864513042725538
J2081,865501043933457
J2082,869756046026768
J2083,864513042783222
J2084,862607055718877
J2085,862607059175348
J2086,864337058937450
J2087,867032053731019
J2088,864337056504617
J2089,860548046741655
J2090,867032059065115
J2091,862607055624083
J2092,862607059034172
J2093,864337053354446
J2094,863958044770951
J2095,862107048093629
J2096,868704041288737
J2097,865501043843656
J2098,866758047906637
J2099,862547050662029
J2100,868922053074775
J2101,868142049642094
J2102,864337056479687
J2103,862607059134329
J2104,860548044411475
J2105,868704043919735
J2106,868704043221546
J2107,861107032555121
J2108,866758049221530
J2109,861107037886455
J2110,860548040341635
J2111,864337056165518
J2112,864650056199927
J2113,867032059236997
J2114,868704041077122
I1474,869244044513053
I1475,862607059211325
J0963,861107037871135
J0964,862348058257668
J0965,864650056267112
J0966,867032053795667
J0967,865501043954230
J0968,864650059552098
J0969,861107033792715
J0970,864650056122069
J0971,864513042706553
J0973,862607059210467
J0975,867732035522440
J0977,866758048881524
J0998,861107037485084
J0999,862547050865341
J1000,865501043839688
J1001,860965065283734
J1002,862348058330911
K0001,867032053803651
K0002,869244042633200
K0003,867032053736794
K0004,867032053795444
K0005,867032053729377
K0006,862607059212000
K0007,863958044727639
K0008,867032053731910
K0009,864650056132746
K0010,862614060332181
K0011,864513045642789
K0012,862607052177804
K0013,867032053799925
K0014,864650059633427
K0015,862607055576283
K0016,867032059174024
K0017,867032058995767
K0018,867032059163720
K0019,867383059115941
K0020,862607055625098
K0021,862607055577026
K0022,864650059627254
K0023,866041042027737
K0024,864337053483799
K0025,864513042720778
K0026,866041042032646
K0027,866041042025723
K0028,864650059662061
K0029,864650059587433
K0030,867032059027453
K0031,862607055568819
K0032,867394042499300
K0033,862607059105337
K0034,865860041778367
K0035,867032053765009
K0036,862607059216100
K0037,862607055693872
K0038,864650059557733
K0039,862607055624729
K0040,862607059213008
K0041,867383057167118
K0042,864513046501877
K0043,862607059141142
K0044,862607059107093
K0045,865860041752347
K0046,862607059210327
K0047,862607055624455
K0048,866041042173671
K0049,862607055711906
K0050,864650056282152
J0160,862607059134907
J0161,867032059181268
J0164,862607059071448
J0165,867032053920554
J0166,864513041514198
J0167,862607059211630
J0168,864513045655443
J0169,862607059147784
J0170,867032053731720
J0171,867383057132278
J0172,864977043738222
J0173,864650059653441
J0174,864977043758816
J0175,865860041704454
J0176,862607059379817
J0177,867383057157994
J0178,867394047680565
J0179,866041041774073
J0180,862607059143106
J0181,869244042741250
J0182,862607059197045
J0183,862607059161934
J0184,862607059126994
J0185,866041042056033
J0186,862607059210772
J0187,867032053726530
J0188,869244044531105
J0189,864337056350516
J0191,864337058591919
J0192,862607052179909
J0193,862607059145721
J0194,867032053746827
J0195,862607055691256
J0196,864650056135236
J0197,862607052117115
J0198,864513041455657
J0199,864337053488301
J0200,864650056266023
J0201,867032058974986
J0203,864513042759065
J0204,867383059161259
J0205,862607059213024
J0206,864650059557246
J0207,864513042705795
J0209,862607059175090
J0972,860548040362003
J0974,865860041738452
J0976,865860042119058
J0978,863958042580634
J0979,864650056239202
J0980,860588042341803
J0981,868922053119547
J0982,862607052167656
J0983,862607059411990
J1003,866758045769193
J1004,868142049648596
J1049,867383057225361
J1050,862607059197466
I3309,862607055623259
I3310,862607055579873
I3311,864650056179283
I3312,867032053738980
I3313,864050056178566
I3314,862607055569486
I3315,866041042200078
I3316,866041042206695
I3317,862607059162890
I3318,862607059021716
J0714,860548044436233
J0715,864513044551569
J0716,867032053750324
J0717,862607059210210
J0718,864650056191098
J0719,860965068589384
J0720,866758043598792
J0771,868142049631865
J0772,864513041478022
J0773,868794061128319
J0774,867032053901224
J0775,860965065185095
J0776,865860041705055
J0777,864650059598786
J0778,862607059136753
J0779,864650059446689
J0780,862607059118769
J0781,864650056386169
J0782,867383057219984
J0783,860965069100835
J0784,862607059209857
J0785,867032053859026
J0786,864977043699333
J0787,862607059081793
J0788,867383059139719
J0789,865546047472770
J0790,862607059144435
J0791,862607059245661
J0792,864650056132316
J0793,862607059112168
J0794,867032053766130
J0795,862607059147990
J0796,862607059137686
J0797,864650059661527
J0798,866041042145919
J0799,862607059104462
J0800,869244042768733
J0801,867032053793555
J0802,862607059250596
J0803,864650059660701
J0804,865860042122078
J0805,862607059117613
J0806,862607059161694
J0807,863418053187340
J0808,861529049327824
J0809,867032053748385
J0810,867032053789116
J0811,864337056193825
J0812,862607059196914
J0813,860965065187125
J0814,864650059677671
J0815,868922051462675
J0816,862607059148287
J0817,862607059255918
J0818,864977043674401
J0819,862547053979768
J0820,862607059153915
J0821,862607055718893
J0822,862547057412360
J0823,862607055650260
J0824,863958044770795
J0825,862614060284085
J0985,867184039930411
J0986,867184039937150
J0987,868704041322239
J1007,867732035514470
J1030,860548045694434
J1031,860548042792173
J1032,867383057146880
J1033,860965067647985
J1034,865501043954644
J1035,862607059036037
J1036,866758048844746
J1037,865860041704884
J1038,864337056426894
J1039,861107037514172
J1040,867032053800632
J1041,862607059020288
J1042,865501043852533
J1043,862607059195270
J1044,864650054146805
J1045,867032053796988
J1046,867732033003963
J1047,867032059174263
J1048,864977043636483
J1051,864650054208290
J1052,863418055860522
J1053,864513042813938
J1054,863953942697834
J1055,867032053768466
J1056,867032053744038
J1057,864337058947996
J1058,865860042128224
J1059,864650059647476
J1060,867032058974903
J1061,864650059613742
J1062,864650056128553
J1063,862607059110220
J1064,868142049832398
J1065,862607059210582
J1066,868704043917069
J1067,867383059009854
J1068,860548044467881
J1069,860588042339203
J1070,867032053782905
J1071,861107032486731
J1072,862607055704836
J1127,862607059082528
J1128,865860042085259
J1129,864513042813896
J1130,864513046488299
J1131,861107032562788
J1132,866758049194208
J1133,867732035520196
J1134,864977047873827
J1135,866041042261211
J1136,865501043901496
J1137,862607059040963
J1138,866758049550581
J1139,866758049564954
J1140,861529049332691
J1141,867032053713618
J1144,864513046492911
J1145,868704041299098
J1196,868922051334817
J1197,868704041053990
J1198,860548042770336
J1199,864650059553880
J1200,868922053154130
J1201,867184039920180
J1202,867032059127576
J1203,865860042105305
J1204,869244044517625
J1206,862607059020577
J1207,867032059039789
I1601,867032053743006
I1602,866041041973832
I1603,867032053763350
I1604,867032053803149
I1605,862607055623531
I1607,
I1608,869244044491961
I1609,864650059616315
I1611,869244042798318
I1612,867032059226790
I1613,863958044817711
I1614,862607055696131
I1615,862607059173798
I1616,868728039342222
I1618,868728039261844
I1621,867032057291622
I1622,868728039265613
I1623,862607055691454
I1624,868728039306839
I1625,868728039283962
I1626,869244044490344
I1627,864650056131946
J0984,864650056131987
J0988,864650056131847
J0989,864650059543048
J0990,862607059096825
J1005,867732033531914
J1006,865860041792038
J1008,862547050666707
J1009,865860041738585
J1010,866758048807479
J1011,864977043714090
J1073,864650056196469
J1074,868142049620694
J1075,865501043895771
J1076,864650056296871
J1077,860548042894359
J1078,867184039795970
J1079,868704041288885
J1080,867032053746603
J1081,862607052309100
J1082,868794068135721
J1083,865860041792939
J1084,865501043933440
J1085,862607059135961
J1086,867383057157952
J1087,864650056259408
J1088,862607059147123
J1089,867032053768755
J1090,868142049673230
J1091,863958044810534
J1092,861107035381459
J1093,867732033006453
J1094,860548042892270
J1095,864650059597945
J1096,865501043955062
J1097,861107035827899
J1098,864513041444719
J1099,866758048685479
J1100,860548045692677
J1101,865501043953729
J1102,865501043900621
J1103,864337056364392
J1104,865860041784209
J1105,860965065279104
J1106,864513045605059
J1107,866041043587986
J1108,866758041732856
J1109,862810042411545
J1110,865860041704793
J1111,864650059565132
J1112,866758049553783
J1113,865860041786360
J1114,864513042818457
J1115,864650059645389
J1116,867383059134827
J1117,864513042810678
J1118,864337056491302
J1119,860548046778392
J1120,862607055624299
J1121,864650059561677
J1122,861942055207683
J1123,864977043768864
J1124,867032053802844
J1125,862607059138817
J1126,867184039973379
J1142,867032053814229
J1143,861107037520278
J1146,867032059264569
J1147,860548040928704
J1148,862607059216084
J1149,862607052116893
J1150,863958044886815
J1151,864513046551757
J1152,862607059100262
J1153,867383057250807
J1154,862607059384882
J1155,866758046105785
J1156,864337058942286
J1157,862547054098790
J1158,868704041275858
J1159,865501042079054
J1160,863958044823867
J1161,867383050875238
J1162,861107037919470
J1163,864337058937864
J1164,864513044572268
J1165,867383059028078
J1166,862607059210384
J1167,864650059590643
J1168,862607055619539
J1169,868704046717920
J1170,860548040356138
J1171,863418052958857
J1172,866758047855024
J1173,864513042719069
J1174,862607052339230
J1175,864513041462547
J1176,864650056131490
J1177,867032053748781
J1178,867032053795261
J1179,867032053731134
J1180,864650056132571
J1181,867032053803180
J1182,869756045984090
J1183,865860041704553
J1184,867184039894245
J1185,862607059037704
J1186,864337056522619
J1187,860548046771165
J1188,860965067646102
J1189,865860041705089
J1190,865501043837997
J1191,865860041750580
J1192,867383050875295
J1193,861107033124794
J1194,864513046409782
J1195,867698045730721
J1205,866758049534858
J1208,866308060110087
J1209,865860042023466
J1210,868142049647556
J1211,864513042751104
J1212,860548040704535
J1213,866041042028495
J1214,867032058991014
J1215,864650054278418
J1216,865860042123175
J1217,860548042810686
J1218,867383059044141
J1219,866758048786467
J1220,867184039944701
J1221,867383050844705
J1222,863958044783871
J1223,860548044469556
J1224,866758048049767
J1225,868704041297902
J1226,862547054023160
J1227,865501043930750
J1228,862547050883575
J1229,866758047865536
J1230,860965069048323
J1231,862607059144443
J1232,864650059598414
J1233,864650056268680
J1234,867184039917160
J1235,865501043878934
J1236,867383057134704
J1237,864513041456192
J1238,862607059096015
J1239,869244042763759
J1240,866041041987923
J1241,860548046782337
J1242,860965069048497
J1243,867698047294841
J1244,867032059056015
J1245,865860041704637
J1246,865501043925453
J1247,864650056179069
J1248,861107033829087
J1249,866758045745516
J1250,865860042127275
J1251,862607059197268
J1252,869756045943898
J1253,860548040321702
J1254,865860041786667
J1255,864337056194278
J1256,862107042816132
J1257,861107034007485
J1258,860548042827870
J1259,867032053731688
J1260,862348051876043
J1261,867732033519960
J1262,864650059623907
J1263,861107037849917
J1264,865501043930073
J1265,867032053664418
J1266,860548045634885
J1267,862607059035526
J1268,862607059115302
J1269,867032053733080
J1270,861107032778285
J1271,867032053929555
J0190,867032053739780
J0202,864977043647373
J0208,862607059158773
J0210,864650056190942
J0211,864977043641020
J0212,867032053814583
J0213,862607059149566
J0214,862607059104553
J0215,862607059214295
J0216,867383057209951
J0217,865860041769226
J0218,864513045665145
J0219,862607059046663
J0220,867032053741778
J0221,864650056132969
J0222,867032053890666
J0223,862607059211747
J0224,862607059255967
J0225,862607055576143
J0226,862607059215334
J0227,863958044874118
J0228,866041043585253
J0229,867032053742883
J0230,864977043684541
J0231,862607052133252
J0232,862607059149954
J0233,868922051440721
J0234,862607055711120
J0991,867383059035677
J0992,867383057116750
J1012,862607052169132
J1013,867383057122816
J1014,862607059381524
J1015,862607059111954
J1016,864650059555927
J1017,866041043624151
J1018,862607059195288
J1019,867732035497874
J1020,866758049215300
J1021,865501042094855
J1022,865501043873992
J1023,867032053796756
J1024,864337056494751
J1025,868704041305366
J1026,868704041344290
J1028,869756041241446
J1272,865501043843003
J1273,867383050877168
J1274,860548045682231
J1275,866758048738583
J1276,866758049584382
J1277,868704041344993
J1278,861107033122806
J1279,864337058927105
J1280,868704046746598
J1281,860548042895950
J1282,864977047804954
J1283,860548045717839
J1284,868704043920634
J1285,867032053726563
J1286,867184039961424
J1287,867032053793951
J1288,860548045649982
J1289,865396053374589
J1290,864977043766173
J1291,867032053730987
J1292,861107037939635
J1293,867032053724246
J1294,867032053884545
J1295,864650056279075
J1296,863418055920029
J1297,864513045652036
J1298,864650056225359
J1299,860548045670459
J1300,867032059003207
J1301,867732033627050
J1302,866758049176080
J1303,867732033557943
J1304,868704041303163
J1305,860548042828571
J1306,860965067651417
J1307,866758045833379
J1308,861107037515377
J1309,862607059351469
J1310,864513041444388
J1311,864650059592441
J1312,860548044459904
J1313,868704041751049
J1314,861107037476612
J1315,862607059189596
J1316,867383050844119
J1317,866758048852921
J1318,864513046525041
J1319,861107037939684
J1320,861107034071549
J1321,866758049208578
J1322,868794068139327
J1323,861107031252787
J1324,862107049525702
J1327,864977043701717
J1328,864337056362420
J1329,860588042340664
J1330,867184039929405
J1331,866758049564764
J1332,860965065317755
J1333,865501043927509
J1334,862607059151109
J1335,862607059196435
J1336,862607052354429
J1337,864337056544365
J1338,866758048784249
J1339,867383057161517
J1340,867383050876285
J1341,864650059663499
J1342,867732033627126
J1343,860548046769516
J1344,862607059046051
J1345,865501043894337
J1346,864337056541460
J1347,869756047226664
J1348,863418055881288
J1349,865860041738205
J1350,864650059548997
J1351,866758049161751
J1352,866758047844119
J1353,868922051314678
J1354,867184039921519
J1355,860548040392653
J1356,866758049564855
J1357,864337056194856
J1358,862348054939996
J1359,862810042421007
J1360,860548044441688
J1361,862607059251016
J1409,867032053799198
J1410,861107034050840
J1411,867732035496504
J1412,864650056179093
J1413,867383057125611
J1414,864650059508371
J1415,867032053778317
J1416,867032053790551
J1417,865860042117235
J1418,862547050666665
J1419,865860041786303
J1420,863958044763543
J1421,867032053798190
J1422,865860041661183
J1423,868922053073488
J1424,868704042414977
J1425,861107034055435
J1426,865860042107806
J1427,862107043836758
J1428,865860041786394
J1429,867032053802869
J1430,861107032578099
J1431,864513042757226
J1432,866758049220938
J1433,866758044229421
J1434,868704041314947
J1435,865860042103235
J1436,862107049513088
J1437,864513046511900
J1438,865860041791196
J1439,860588042339849
J1440,864650059577848
J1441,864513046490014
J1442,869244042757926
J1443,862607059211655
J1444,862607059210624
J1445,864650059595246
J1446,863617069498811
J1447,861107033968638
J1448,864650054264392
J1449,863958044782071
J1450,862607059150952
J1451,862607055621113
J1452,867732035548437
J1453,860548040354646
J1454,864650054206401
J1455,867184039929199
J1456,867605050977410
J1457,864337056440093
J1458,868922053141905
J1460,864337059104019
J1461,866758047989633
J1462,864337056395164
J1463,866041043622148
J1464,864513041444370
J1465,867032053747460
J1466,865546047148644
J1467,860965067615933
J1468,863412043744245
J1469,861107033092587
J1470,864650059644184
J1471,862607059216043
J1472,862607052133658
J1473,864337056376164
J1474,864337056425078
J1475,868704040990135
J1476,862607059112184
J1477,868142049644462
J1478,864337053354248
J0826,867032053692237
I3319,864977047914712
I3320,862607055626781
I3321,866041041988673
I3322,867032053749003
I3323,867383059082612
I3324,864650059433307
I3325,862607059046978
I3326,862607059027135
I3327,862607059073212
I3328,867032053742826
I3329,867032053728510
J0235,862607059174192
J0236,862607059094994
J0237,862607059102656
J0238,862607059210541
J0239,862607052169082
J0240,862607055711781
J0241,863958044895923
J0242,862607055569650
J0243,862607055619497
J0244,864650056300475
J0245,864513041491553
J0246,864513041458107
J0247,862607059164490
J0248,869756048116146
J0249,864650059633328
I3330,862607059106194
I3331,864650059582863
I3332,867383057130546
I3333,864650059668472
I3334,864513041441624
I3335,867032053744871
I3336,867032058974838
I3337,862607059174358
I3338,864650056132431
I3339,864650059638764
I3340,867032053744806
I3341,867032053736026
I3342,867032053746694
I3343,862607059212851
I3344,867032053733312
I3345,864513041466621
I3346,862607055597255
I3347,862607059103670
I3348,867032053796749
I3349,867032053749342
I3350,862607055575327
I3351,862607059115484
I3352,864650059583333
I3353,867032053797606
I3354,864513041470896
I3355,862607059160803
I3356,867032053742289
I3357,867032053782004
I3358,867032053746769
I3359,867032059003876
I1636,869244042741797
I1638,862607055576333
I1639,868922051476113
I1640,868274061954360
I1644,867032053920562
I1645,862607059369008
I1646,869244044526485
I1647,869244044515868
I1651,869244042771737
I1652,868728039295677
I1659,866041043583852
I1660,862607059109628
I1665,869244042703904
I1666,869244044493108
I1667,869244042801104
I1668,
I1669,867698045781278
I1901,
I1902,860965069087826
I1903,869244044510216
I1905,864977043725302
I1906,869244044519340
I1908,862607059105907
I1910,862607059115658
I1658,869244042734883
I1672,868142047211546
I1673,867032059229083
I1674,868728039338964
I1675,864513041450468
I1676,868728039302952
I1677,869244044523995
I1678,862607059216001
I1680,869244042667216
I1681,
I1682,862607055622921
I1683,868728039281602
I1684,868728039297962
I1685,864513042817434
I1686,
I1689,869244044526923
I1907,864977043725476
I1911,
I1913,868728039249641
I1914,869244044518284
I1917,864513042737566
I1919,869244044489296
I1920,868728039278921
I1921,866041042186772
I1922,
I1923,864650059541430
I1926,868728039335853
